<?xml version="1.0"?>
<classes>
<class name="MPAnnotation" extends="OntologyAnnotation" is-interface="true">
  <attribute name="withText" type="java.lang.String"/>
  <collection name="evidence" referenced-type="MPEvidence"/>
  <collection name="with" referenced-type="BioEntity"/>
</class>
<class name="Gene" is-interface="true">
  <collection name="mpAnnotation" referenced-type="MPAnnotation"/>
</class>
<class name="MPEvidence" is-interface="true">
  <reference name="code" referenced-type="MPEvidenceCode" />
  <collection name="publications" referenced-type="Publication"/>
</class>
<class name="MPEvidenceCode" extends="GOEvidenceCode" is-interface="true"/>
</classes>

